Item title	|	Feedback_count	|	Price
Комутатор MikroTik CRS326-24G-2S + RM гігабітний (CRS326-24G-2S+RM)	|	3 відгуки	|	5 739
Комутатор TP-LINK TL-SG1016D гігабітний (TL-SG1016D)	|	22 відгуки	|	1 699
Маршрутизатор TP-LINK Archer C80	|	261 відгук	|	1 299
Маршрутизатор TP-LINK Archer A6	|	1081 відгук	|	999
Synology DS620Slim	|	1 відгук	|	14 196
Маршрутизатор Asus RT-AX55	|	74 відгуки	|	1 899
Модуль SFP MikroTik S+85DLC03D	|	Залишити відгук	|	1 430
Маршрутизатор TP-LINK Archer C54	|	235 відгуків	|	699
Маршрутизатор TP-LINK Archer AX23	|	64 відгуки	|	1 499
Маршрутизатор TP-LINK Archer A64	|	5 відгуків	|	899
Маршрутизатор D-Link DIR-615/X	|	85 відгуків	|	299
Модуль SFP TP-LINK TL-SM321B	|	Залишити відгук	|	679
Маршрутизатор TP-Link Archer C64	|	69 відгуків	|	899
Маршрутизатор TP-LINK Archer AX73	|	45 відгуків	|	3 499
Маршрутизатор TP-LINK TL-WR820N	|	316 відгуків	|	349
Комутатор Zyxel GS1300-10HP	|	Залишити відгук	|	5 909
Маршрутизатор Keenetic Giga (KN-1011)	|	23 відгуки	|	3 709
Патч-корд RZTK CAT5e RJ45 UTP 10 м Чорний	|	24 відгуки	|	85
Маршрутизатор TP-LINK Archer AX55	|	20 відгуків	|	2 399
Комутатор MikroTik CRS326-24S+2Q+RM SFP+/QSFP+ (CRS326-24S+2Q+RM)	|	1 відгук	|	11 999
Медіаконвертер TP-LINK MC200CM	|	3 відгуки	|	1 274
Маршрутизатор TP-LINK Archer AX10	|	203 відгуки	|	1 499
Маршрутизатор TP-LINK Archer C6	|	603 відгуки	|	999
Медіаконвертер TP-LINK MC210CS	|	3 відгуки	|	1 135
Маршрутизатор TP-LINK Archer A8	|	145 відгуків	|	1 199
Маршрутизатор Huawei Wi-Fi AX3 (Dual-core) White (53037717)	|	184 відгуки	|	1 399
Маршрутизатор Mercusys AC1200G	|	227 відгуків	|	799
Маршрутизатор ASUS GS-AX5400 4xGE LAN 1xGE WAN 1xUSB3.2 MU-MIMO OFDMA MESH gaming	|	14 відгуків	|	7 849
Маршрутизатор Mercusys MR70X	|	15 відгуків	|	1 199
Маршрутизатор Keenetic Ultra (KN-1810)	|	141 відгук	|	4 847
Маршрутизатор TP-LINK Archer C24	|	92 відгуки	|	595
Маршрутизатор Xiaomi Mi Router AX1800 (DVB4258GL) Global	|	91 відгук	|	1 275
Маршрутизатор Xiaomi Mi WiFi Router 4A R4AC (DVB4230GL)	|	770 відгуків	|	699
Маршрутизатор Xiaomi Mi WiFi Router 4C (DVB4231GL)	|	278 відгуків	|	449
Маршрутизатор Keenetic Viva KN-1910	|	144 відгуки	|	2 754
Маршрутизатор Keenetic Air (KN-1611)	|	88 відгуків	|	1 539
Маршрутизатор Asus RT-AX82U	|	73 відгуки	|	4 496
Маршрутизатор Keenetic Speedster (KN-3010)	|	90 відгуків	|	2 241
Маршрутизатор TP-LINK TL-WR841N	|	3729 відгуків	|	529
Маршрутизатор TP-LINK Archer MR400	|	52 відгуки	|	2 999
Комутатор Dahua DH-PFS3010-8ET-96 (DH-PFS3010-8ET-96)	|	3 відгуки	|	2 604
Маршрутизатор MikroTik CRS112-8G-4S-IN	|	3 відгуки	|	3 445
Медіаконвертер TP-LINK MC111CS	|	6 відгуків	|	783
Медіаконвертер D-Link DMC-G01LC	|	3 відгуки	|	678
Маршрутизатор Teltonika RUTX08	|	Залишити відгук	|	3 869
Маршрутизатор TP-LINK Archer C6 v3	|	4 відгуки	|	999
Маршрутизатор Teltonika RUT955 2G/3G/4G Router Dual-SIM Wi-Fi (RUT955)	|	5 відгуків	|	6 999
Маршрутизатор Tenda AC11	|	8 відгуків	|	899
Маршрутизатор TP-LINK Archer AX11000	|	7 відгуків	|	11 999
Маршрутизатор Mercusys MR50G	|	39 відгуків	|	899
Маршрутизатор Mercusys AC10	|	87 відгуків	|	449
Маршрутизатор TP-LINK TL-MR6400	|	43 відгуки	|	2 104
Маршрутизатор Mercusys AC12G	|	166 відгуків	|	749
Маршрутизатор Huawei WS318N	|	58 відгуків	|	399
Маршрутизатор TP-LINK Deco E4 (3-pack)	|	35 відгуків	|	3 999
Маршрутизатор TP-LINK Deco M5 (2-pack)	|	25 відгуків	|	4 199
Маршрутизатор TP-LINK Deco M5 (3-pack)	|	35 відгуків	|	5 999
Маршрутизатор TP-LINK Deco X60 (2-pack)	|	3 відгуки	|	8 999
Маршрутизатор TP-LINK Deco X20 (2-pack)	|	Залишити відгук	|	6 999
Маршрутизатор MikroTik CCR2004-1G-12S+2XS	|	2 відгуки	|	16 113
