[{"name":"Комутатор MikroTik CRS326-24G-2S + RM гігабітний (CRS326-24G-2S+RM)","feedback_count":"3 відгуки","price":"5 739"},{"name":"Комутатор TP-LINK TL-SG1016D гігабітний (TL-SG1016D)","feedback_count":"22 відгуки","price":"1 699"},{"name":"Маршрутизатор TP-LINK Archer C80","feedback_count":"261 відгук","price":"1 299"},{"name":"Маршрутизатор TP-LINK Archer A6","feedback_count":"1081 відгук","price":"999"},{"name":"Synology DS620Slim","feedback_count":"1 відгук","price":"14 196"},{"name":"Маршрутизатор Asus RT-AX55","feedback_count":"74 відгуки","price":"1 899"},{"name":"Модуль SFP MikroTik S+85DLC03D","feedback_count":"Залишити відгук","price":"1 430"},{"name":"Маршрутизатор TP-LINK Archer C54","feedback_count":"235 відгуків","price":"699"},{"name":"Маршрутизатор TP-LINK Archer AX23","feedback_count":"64 відгуки","price":"1 499"},{"name":"Маршрутизатор TP-LINK Archer A64","feedback_count":"5 відгуків","price":"899"},{"name":"Маршрутизатор D-Link DIR-615/X","feedback_count":"85 відгуків","price":"299"},{"name":"Модуль SFP TP-LINK TL-SM321B","feedback_count":"Залишити відгук","price":"679"},{"name":"Маршрутизатор TP-Link Archer C64","feedback_count":"69 відгуків","price":"899"},{"name":"Маршрутизатор TP-LINK Archer AX73","feedback_count":"45 відгуків","price":"3 499"},{"name":"Маршрутизатор TP-LINK TL-WR820N","feedback_count":"316 відгуків","price":"349"},{"name":"Комутатор Zyxel GS1300-10HP","feedback_count":"Залишити відгук","price":"5 909"},{"name":"Маршрутизатор Keenetic Giga (KN-1011)","feedback_count":"23 відгуки","price":"3 709"},{"name":"Патч-корд RZTK CAT5e RJ45 UTP 10 м Чорний","feedback_count":"24 відгуки","price":"85"},{"name":"Маршрутизатор TP-LINK Archer AX55","feedback_count":"20 відгуків","price":"2 399"},{"name":"Комутатор MikroTik CRS326-24S+2Q+RM SFP+/QSFP+ (CRS326-24S+2Q+RM)","feedback_count":"1 відгук","price":"11 999"},{"name":"Медіаконвертер TP-LINK MC200CM","feedback_count":"3 відгуки","price":"1 274"},{"name":"Маршрутизатор TP-LINK Archer AX10","feedback_count":"203 відгуки","price":"1 499"},{"name":"Маршрутизатор TP-LINK Archer C6","feedback_count":"603 відгуки","price":"999"},{"name":"Медіаконвертер TP-LINK MC210CS","feedback_count":"3 відгуки","price":"1 135"},{"name":"Маршрутизатор TP-LINK Archer A8","feedback_count":"145 відгуків","price":"1 199"},{"name":"Маршрутизатор Huawei Wi-Fi AX3 (Dual-core) White (53037717)","feedback_count":"184 відгуки","price":"1 399"},{"name":"Маршрутизатор Mercusys AC1200G","feedback_count":"227 відгуків","price":"799"},{"name":"Маршрутизатор ASUS GS-AX5400 4xGE LAN 1xGE WAN 1xUSB3.2 MU-MIMO OFDMA MESH gaming","feedback_count":"14 відгуків","price":"7 849"},{"name":"Маршрутизатор Mercusys MR70X","feedback_count":"15 відгуків","price":"1 199"},{"name":"Маршрутизатор Keenetic Ultra (KN-1810)","feedback_count":"141 відгук","price":"4 847"},{"name":"Маршрутизатор TP-LINK Archer C24","feedback_count":"92 відгуки","price":"595"},{"name":"Маршрутизатор Xiaomi Mi Router AX1800 (DVB4258GL) Global","feedback_count":"91 відгук","price":"1 275"},{"name":"Маршрутизатор Xiaomi Mi WiFi Router 4A R4AC (DVB4230GL)","feedback_count":"770 відгуків","price":"699"},{"name":"Маршрутизатор Xiaomi Mi WiFi Router 4C (DVB4231GL)","feedback_count":"278 відгуків","price":"449"},{"name":"Маршрутизатор Keenetic Viva KN-1910","feedback_count":"144 відгуки","price":"2 754"},{"name":"Маршрутизатор Keenetic Air (KN-1611)","feedback_count":"88 відгуків","price":"1 539"},{"name":"Маршрутизатор Asus RT-AX82U","feedback_count":"73 відгуки","price":"4 496"},{"name":"Маршрутизатор Keenetic Speedster (KN-3010)","feedback_count":"90 відгуків","price":"2 241"},{"name":"Маршрутизатор TP-LINK TL-WR841N","feedback_count":"3729 відгуків","price":"529"},{"name":"Маршрутизатор TP-LINK Archer MR400","feedback_count":"52 відгуки","price":"2 999"},{"name":"Комутатор Dahua DH-PFS3010-8ET-96 (DH-PFS3010-8ET-96)","feedback_count":"3 відгуки","price":"2 604"},{"name":"Маршрутизатор MikroTik CRS112-8G-4S-IN","feedback_count":"3 відгуки","price":"3 445"},{"name":"Медіаконвертер TP-LINK MC111CS","feedback_count":"6 відгуків","price":"783"},{"name":"Медіаконвертер D-Link DMC-G01LC","feedback_count":"3 відгуки","price":"678"},{"name":"Маршрутизатор Teltonika RUTX08","feedback_count":"Залишити відгук","price":"3 869"},{"name":"Маршрутизатор TP-LINK Archer C6 v3","feedback_count":"4 відгуки","price":"999"},{"name":"Маршрутизатор Teltonika RUT955 2G/3G/4G Router Dual-SIM Wi-Fi (RUT955)","feedback_count":"5 відгуків","price":"6 999"},{"name":"Маршрутизатор Tenda AC11","feedback_count":"8 відгуків","price":"899"},{"name":"Маршрутизатор TP-LINK Archer AX11000","feedback_count":"7 відгуків","price":"11 999"},{"name":"Маршрутизатор Mercusys MR50G","feedback_count":"39 відгуків","price":"899"},{"name":"Маршрутизатор Mercusys AC10","feedback_count":"87 відгуків","price":"449"},{"name":"Маршрутизатор TP-LINK TL-MR6400","feedback_count":"43 відгуки","price":"2 104"},{"name":"Маршрутизатор Mercusys AC12G","feedback_count":"166 відгуків","price":"749"},{"name":"Маршрутизатор Huawei WS318N","feedback_count":"58 відгуків","price":"399"},{"name":"Маршрутизатор TP-LINK Deco E4 (3-pack)","feedback_count":"35 відгуків","price":"3 999"},{"name":"Маршрутизатор TP-LINK Deco M5 (2-pack)","feedback_count":"25 відгуків","price":"4 199"},{"name":"Маршрутизатор TP-LINK Deco M5 (3-pack)","feedback_count":"35 відгуків","price":"5 999"},{"name":"Маршрутизатор TP-LINK Deco X60 (2-pack)","feedback_count":"3 відгуки","price":"8 999"},{"name":"Маршрутизатор TP-LINK Deco X20 (2-pack)","feedback_count":"Залишити відгук","price":"6 999"},{"name":"Маршрутизатор MikroTik CCR2004-1G-12S+2XS","feedback_count":"2 відгуки","price":"16 113"}]